<?xml version='1.0' encoding='utf-8'?>
<!DOCTYPE hibernate-configuration PUBLIC
        "-//Hibernate/Hibernate Configuration DTD//EN"
        "http://www.hibernate.org/dtd/hibernate-configuration-3.0.dtd">
<hibernate-configuration>

    <session-factory>
        <property name="connection.url">
            jdbc:sqlite:src/main/resources/DB/TrainServicing
        </property>
        <property name="connection.driver_class">org.sqlite.JDBC</property>
        <property name="dialect">
            org.sqlite.hibernate.dialect.SQLiteDialect
        </property>
        <mapping class="DataBase.TrainServicingEntity"/>
        <mapping resource="TrainServicingEntity.hbm.xml"/>
    </session-factory>

</hibernate-configuration>